Department Family,Entity,Date,Expense Type,Expense Area,Supplier,Transaction No.,Amount,VAT Registration
Department of Health and Social Care,Lincolnshire Community Health Services NHS Trust,02/04/2024,Supply Chain Control<1yr,Lchs Balance Sheet,Sccl - Nhs Supply Chain (Sales),38929,51410.63,
Department of Health and Social Care,Lincolnshire Community Health Services NHS Trust,02/04/2024,Supply Chain Control<1yr,Lchs Balance Sheet,Sccl - Nhs Supply Chain (Sales),39202,42414.26,
Department of Health and Social Care,Lincolnshire Community Health Services NHS Trust,02/04/2024,Admin & Clerical B8a,Lhcc Nhse,United Lincolnshire Hospitals Nhs Trust,38841,31912.02,
Department of Health and Social Care,Lincolnshire Community Health Services NHS Trust,02/04/2024,Drugs,Medical Director,Lincolnshire Co-Operative Limited- Pharmacy,35950,38535,
Department of Health and Social Care,Lincolnshire Community Health Services NHS Trust,02/04/2024,Drugs,Medical Director,Lincolnshire Co-Operative Limited- Pharmacy,37437,43950,
Department of Health and Social Care,Lincolnshire Community Health Services NHS Trust,02/04/2024,Drugs,Medical Director,Lincolnshire Co-Operative Limited- Pharmacy,38584,42255,
Department of Health and Social Care,Lincolnshire Community Health Services NHS Trust,08/04/2024,Int Vat Refund / Payover,Lchs Balance Sheet,Hm Revenue And Customs,39547,106723.79,
Department of Health and Social Care,Lincolnshire Community Health Services NHS Trust,09/04/2024,District Nurse B8b,Cardiac Rehab - Countywide,United Lincolnshire Hospitals Nhs Trust,38831,37223.97,
Department of Health and Social Care,Lincolnshire Community Health Services NHS Trust,09/04/2024,It Services Contract,Centralised It Budgets,Arden And Gem Csu,39452,46839.75,
Department of Health and Social Care,Lincolnshire Community Health Services NHS Trust,09/04/2024,Clinical Records System,Centralised It Budgets,The Phoenix Partnership (Leeds) Ltd,39389,886267.16,
Department of Health and Social Care,Lincolnshire Community Health Services NHS Trust,09/04/2024,Lease Liab>1yr,Lchs Balance Sheet,North West Anglia Nhs Ft,39012,78400,
Department of Health and Social Care,Lincolnshire Community Health Services NHS Trust,09/04/2024,Other Appliances,Specialist Continence Team,Essity Uk Ltd,39201,64800,
Department of Health and Social Care,Lincolnshire Community Health Services NHS Trust,09/04/2024,Continence Products,Specialist Continence Team,Essity Uk Ltd,39201,95788.41,
Department of Health and Social Care,Lincolnshire Community Health Services NHS Trust,09/04/2024,Hart Service,Transitional Care,Age Uk Lincoln & South Lincolnshire,39407,311529,
Department of Health and Social Care,Lincolnshire Community Health Services NHS Trust,16/04/2024,Chief Executive,Chief Executive,United Lincolnshire Hospitals Nhs Trust,39447,77328,
Department of Health and Social Care,Lincolnshire Community Health Services NHS Trust,16/04/2024,Admin & Clerical B4,Finance Business Intelligence,United Lincolnshire Hospitals Nhs Trust,38454,34117,
Department of Health and Social Care,Lincolnshire Community Health Services NHS Trust,16/04/2024,Appentice Levy - Trust,Lchs Balance Sheet,Hm Revenue & Customs,39802,32392,
Department of Health and Social Care,Lincolnshire Community Health Services NHS Trust,16/04/2024,National Insurance - Ees,Lchs Balance Sheet,Hm Revenue & Customs,39801,380908.83,
Department of Health and Social Care,Lincolnshire Community Health Services NHS Trust,16/04/2024,National Insurance - Ers,Lchs Balance Sheet,Hm Revenue & Customs,39801,672258.74,
Department of Health and Social Care,Lincolnshire Community Health Services NHS Trust,16/04/2024,Paye - Trust,Lchs Balance Sheet,Hm Revenue & Customs,39800,846647.92,
Department of Health and Social Care,Lincolnshire Community Health Services NHS Trust,16/04/2024,Student Loan - Trust,Lchs Balance Sheet,Hm Revenue & Customs,39800,27695,
Department of Health and Social Care,Lincolnshire Community Health Services NHS Trust,16/04/2024,Supply Chain Control<1yr,Lchs Balance Sheet,Sccl - Nhs Supply Chain (Sales),39882,56036.79,
Department of Health and Social Care,Lincolnshire Community Health Services NHS Trust,16/04/2024,Admin & Clerical B7,Main Provider-Apprenticeships,United Lincolnshire Hospitals Nhs Trust,38871,67900,
Department of Health and Social Care,Lincolnshire Community Health Services NHS Trust,16/04/2024,Drugs,Medical Director,Lincolnshire Co-Operative Limited- Pharmacy,39901,173392.34,
Department of Health and Social Care,Lincolnshire Community Health Services NHS Trust,16/04/2024,Drugs,Medical Director,Lincolnshire Co-Operative Limited- Pharmacy,39894,40935,
Department of Health and Social Care,Lincolnshire Community Health Services NHS Trust,16/04/2024,Laboratory External Tests,Senior Management Ict,Northern Lincs&Goole Hospital Nhs Ft,39129,30186.33,
Department of Health and Social Care,Lincolnshire Community Health Services NHS Trust,23/04/2024,Training Expenses,Cpd Funding,Sheffield Hallam University,39952,27500,
Department of Health and Social Care,Lincolnshire Community Health Services NHS Trust,23/04/2024,Service & Fm Charge,Fen Lane,Nhs Property Services Ltd,39456,49978.08,
Department of Health and Social Care,Lincolnshire Community Health Services NHS Trust,23/04/2024,Nhs Subcontracted Services,Frailty Assessment Unit,United Lincolnshire Hospitals Nhs Trust,39388,210195,
Department of Health and Social Care,Lincolnshire Community Health Services NHS Trust,23/04/2024,Recruitment Agency Fees,International Recruit Pilot,United Lincolnshire Hospitals Nhs Trust,39493,39600,
Department of Health and Social Care,Lincolnshire Community Health Services NHS Trust,23/04/2024,Property Lease,John Coupland Hospital,Nhs Property Services Ltd,39461,52391.05,
Department of Health and Social Care,Lincolnshire Community Health Services NHS Trust,23/04/2024,Service & Fm Charge,John Coupland Hospital,Nhs Property Services Ltd,39460,491060.68,
Department of Health and Social Care,Lincolnshire Community Health Services NHS Trust,23/04/2024,Property Lease,John Coupland Hospital,Nhs Property Services Ltd,39459,52391.05,
Department of Health and Social Care,Lincolnshire Community Health Services NHS Trust,23/04/2024,Supply Chain Control<1yr,Lchs Balance Sheet,Sccl - Nhs Supply Chain (Sales),40294,45580.27,
Department of Health and Social Care,Lincolnshire Community Health Services NHS Trust,23/04/2024,Service & Fm Charge,Louth Hospital Estates Managem,Nhs Property Services Ltd,39457,26607.53,
Department of Health and Social Care,Lincolnshire Community Health Services NHS Trust,23/04/2024,Service & Fm Charge,Louth Hospital Estates Managem,Nhs Property Services Ltd,33892,557907.6,
Department of Health and Social Care,Lincolnshire Community Health Services NHS Trust,23/04/2024,Laboratory External Tests,Senior Management Ict,Northern Lincs&Goole Hospital Nhs Ft,39853,28971.87,
Department of Health and Social Care,Lincolnshire Community Health Services NHS Trust,26/04/2024,Subsistence & Accomodation,International Recruit Pilot,Boston College,37523,83720,
Department of Health and Social Care,Lincolnshire Community Health Services NHS Trust,01/05/2024,Lease Liab>1yr,Lchs Balance Sheet,Car Hire (Day Of Swansea) Ltd T/A,40165,40890.95,
Department of Health and Social Care,Lincolnshire Community Health Services NHS Trust,01/05/2024,Supply Chain Control<1yr,Lchs Balance Sheet,Sccl - Nhs Supply Chain (Sales),40681,45632.57,
Department of Health and Social Care,Lincolnshire Community Health Services NHS Trust,07/05/2024,Computer Software/License,Centralised It Budgets,Ip Integration Ltd,40893,40484.74,
Department of Health and Social Care,Lincolnshire Community Health Services NHS Trust,14/05/2024,It Services Contract,Centralised It Budgets,Arden And Gem Csu,40913,46839.75,
Department of Health and Social Care,Lincolnshire Community Health Services NHS Trust,14/05/2024,Estate Shared Service Contract,Facilities Management,Lincolnshire Partnership Nhs Trust,40917,38872.89,
Department of Health and Social Care,Lincolnshire Community Health Services NHS Trust,14/05/2024,Appentice Levy - Trust,Lchs Balance Sheet,Hm Revenue & Customs,41249,33328,
Department of Health and Social Care,Lincolnshire Community Health Services NHS Trust,14/05/2024,National Insurance - Ees,Lchs Balance Sheet,Hm Revenue & Customs,41250,314633.26,
Department of Health and Social Care,Lincolnshire Community Health Services NHS Trust,14/05/2024,National Insurance - Ers,Lchs Balance Sheet,Hm Revenue & Customs,41250,696208.51,
Department of Health and Social Care,Lincolnshire Community Health Services NHS Trust,14/05/2024,Paye - Trust,Lchs Balance Sheet,Hm Revenue & Customs,41246,939438.68,
Department of Health and Social Care,Lincolnshire Community Health Services NHS Trust,14/05/2024,Student Loan - Trust,Lchs Balance Sheet,Hm Revenue & Customs,41246,25515,
Department of Health and Social Care,Lincolnshire Community Health Services NHS Trust,14/05/2024,Building Works - Auc Pur,Lchs Balance Sheet,Lindum Group Ltd,40124,55171.07,
Department of Health and Social Care,Lincolnshire Community Health Services NHS Trust,14/05/2024,Supply Chain Control<1yr,Lchs Balance Sheet,Sccl - Nhs Supply Chain (Sales),40984,51738.25,
Department of Health and Social Care,Lincolnshire Community Health Services NHS Trust,14/05/2024,Creditor Suspense,Lchs Balance Sheet,United Lincolnshire Hospitals Nhs Trust,38832,252000,
Department of Health and Social Care,Lincolnshire Community Health Services NHS Trust,21/05/2024,Estate Shared Service Contract,Facilities Management,Lincolnshire Partnership Nhs Trust,41282,48338,
Department of Health and Social Care,Lincolnshire Community Health Services NHS Trust,21/05/2024,Service & Fm Charge,Fen Lane,Nhs Property Services Ltd,41216,27551.4,
Department of Health and Social Care,Lincolnshire Community Health Services NHS Trust,21/05/2024,Service & Fm Charge,John Coupland Hospital,Nhs Property Services Ltd,41220,138352.16,
Department of Health and Social Care,Lincolnshire Community Health Services NHS Trust,21/05/2024,Service & Fm Charge,John Coupland Hospital,Nhs Property Services Ltd,41224,107331.29,
Department of Health and Social Care,Lincolnshire Community Health Services NHS Trust,21/05/2024,Supply Chain Control<1yr,Lchs Balance Sheet,Sccl - Nhs Supply Chain (Sales),41724,49275.32,
Department of Health and Social Care,Lincolnshire Community Health Services NHS Trust,21/05/2024,Supply Chain Control<1yr,Lchs Balance Sheet,Sccl - Nhs Supply Chain (Sales),41333,38160.39,
Department of Health and Social Care,Lincolnshire Community Health Services NHS Trust,21/05/2024,Miscellaneous Expenditure,Lhcc People & Culture,Lincolnshire Refugee Doctor Project Cic,41559,86700,
Department of Health and Social Care,Lincolnshire Community Health Services NHS Trust,21/05/2024,Property Lease,Louth Hospital Estates Managem,Nhs Property Services Ltd,41194,38875.9,
Department of Health and Social Care,Lincolnshire Community Health Services NHS Trust,21/05/2024,Service & Fm Charge,Louth Hospital Estates Managem,Nhs Property Services Ltd,41211,33509.18,
Department of Health and Social Care,Lincolnshire Community Health Services NHS Trust,21/05/2024,Service & Fm Charge,Louth Hospital Estates Managem,Nhs Property Services Ltd,41229,285563.35,
Department of Health and Social Care,Lincolnshire Community Health Services NHS Trust,21/05/2024,Drugs,Medical Director,Nhs Business Services Authority- Fp10,39126,66824.36,
Department of Health and Social Care,Lincolnshire Community Health Services NHS Trust,21/05/2024,Service & Fm Charge,Skegness Hospital,Nhs Property Services Ltd,41225,388046.92,
Department of Health and Social Care,Lincolnshire Community Health Services NHS Trust,21/05/2024,Continence Products,Specialist Continence Team,Essity Uk Ltd,41315,176984.26,
Department of Health and Social Care,Lincolnshire Community Health Services NHS Trust,21/05/2024,Nursing Home Beds,Transitional Care,Lincolnshire County Council,41299,1064547,
Department of Health and Social Care,Lincolnshire Community Health Services NHS Trust,28/05/2024,Property Lease,John Coupland Hospital,Nhs Property Services Ltd,41198,52391.05,
Department of Health and Social Care,Lincolnshire Community Health Services NHS Trust,28/05/2024,Computer Hardware - Auc Pur,Lchs Balance Sheet,Dell Corporation Limited,41718,151080,
Department of Health and Social Care,Lincolnshire Community Health Services NHS Trust,28/05/2024,Drugs,Medical Director,Nhs Business Services Authority- Fp10,41867,59488.56,
Department of Health and Social Care,Lincolnshire Community Health Services NHS Trust,28/05/2024,Property Lease,Skegness Hospital,Nhs Property Services Ltd,41202,75006.18,
Department of Health and Social Care,Lincolnshire Community Health Services NHS Trust,04/06/2024,Supply Chain Control<1yr,Lchs Balance Sheet,Sccl - Nhs Supply Chain (Sales),42105,43783.79,
Department of Health and Social Care,Lincolnshire Community Health Services NHS Trust,04/06/2024,Laboratory External Tests,Lish,Hsl Pathology Llp,39091,41720.16,
Department of Health and Social Care,Lincolnshire Community Health Services NHS Trust,04/06/2024,Laboratory External Tests,Lish,Hsl Pathology Llp,39500,44311.23,
Department of Health and Social Care,Lincolnshire Community Health Services NHS Trust,11/06/2024,Property Lease,Beech House Lincoln,Stenigot Uk Ltd,42300,71643,
Department of Health and Social Care,Lincolnshire Community Health Services NHS Trust,11/06/2024,It Services Contract,Centralised It Budgets,Arden And Gem Csu,41891,46839.75,
Department of Health and Social Care,Lincolnshire Community Health Services NHS Trust,11/06/2024,Cnst Contributions,Chief Executive,Nhs Resolution,41627,692048,
Department of Health and Social Care,Lincolnshire Community Health Services NHS Trust,11/06/2024,Other Research Exp,Lhcc People & Culture,Lincolnshire Training Hub Limited,42436,30000,
Department of Health and Social Care,Lincolnshire Community Health Services NHS Trust,11/06/2024,Other General Provisions,Lhcc People & Culture,Lincolnshire Training Hub Limited,42438,71605,
Department of Health and Social Care,Lincolnshire Community Health Services NHS Trust,11/06/2024,Other Services,Lhcc People & Culture,Lincolnshire Training Hub Limited,42439,30000,
Department of Health and Social Care,Lincolnshire Community Health Services NHS Trust,11/06/2024,Training Expenses,Lhcc People & Culture,Lincolnshire Training Hub Limited,42440,50000,
Department of Health and Social Care,Lincolnshire Community Health Services NHS Trust,11/06/2024,Service & Fm Charge,Louth Hospital Estates Managem,Nhs Property Services Ltd,41210,26601.41,
Department of Health and Social Care,Lincolnshire Community Health Services NHS Trust,11/06/2024,Property Lease,Skegness Hospital,Nhs Property Services Ltd,39466,75006.18,
Department of Health and Social Care,Lincolnshire Community Health Services NHS Trust,11/06/2024,Service & Fm Charge,Skegness Hospital,Nhs Property Services Ltd,39465,800882.26,
Department of Health and Social Care,Lincolnshire Community Health Services NHS Trust,11/06/2024,Property Lease,Skegness Hospital,Nhs Property Services Ltd,39464,75006.18,
Department of Health and Social Care,Lincolnshire Community Health Services NHS Trust,11/06/2024,Continence Products,Specialist Continence Team,Essity Uk Ltd,42461,216984.38,
Department of Health and Social Care,Lincolnshire Community Health Services NHS Trust,18/06/2024,Appentice Levy - Trust,Lchs Balance Sheet,Hm Revenue & Customs,42792,32013,
Department of Health and Social Care,Lincolnshire Community Health Services NHS Trust,18/06/2024,National Insurance - Ees,Lchs Balance Sheet,Hm Revenue & Customs,42793,302720.47,
Department of Health and Social Care,Lincolnshire Community Health Services NHS Trust,18/06/2024,National Insurance - Ers,Lchs Balance Sheet,Hm Revenue & Customs,42793,661080.63,
Department of Health and Social Care,Lincolnshire Community Health Services NHS Trust,18/06/2024,Paye - Trust,Lchs Balance Sheet,Hm Revenue & Customs,42791,855735.11,
Department of Health and Social Care,Lincolnshire Community Health Services NHS Trust,18/06/2024,Building Works - Auc Pur,Lchs Balance Sheet,Lindum Group Ltd,41513,46241.74,
Department of Health and Social Care,Lincolnshire Community Health Services NHS Trust,18/06/2024,Supply Chain Control<1yr,Lchs Balance Sheet,Sccl - Nhs Supply Chain (Sales),42677,52045.42,
Department of Health and Social Care,Lincolnshire Community Health Services NHS Trust,18/06/2024,Other General Provisions,Lhcc People & Culture,Lincolnshire Training Hub Limited,42441,54000,
Department of Health and Social Care,Lincolnshire Community Health Services NHS Trust,18/06/2024,Drugs,Medical Director,Lincolnshire Co-Operative Limited- Pharmacy,41621,240336.02,
Department of Health and Social Care,Lincolnshire Community Health Services NHS Trust,18/06/2024,Drugs,Medical Director,Lincolnshire Co-Operative Limited- Pharmacy,41619,41415,
Department of Health and Social Care,Lincolnshire Community Health Services NHS Trust,18/06/2024,Drugs,Medical Director,Lincolnshire Co-Operative Limited- Pharmacy,41618,32070.81,
Department of Health and Social Care,Lincolnshire Community Health Services NHS Trust,18/06/2024,Drugs,Medical Director,Lincolnshire Co-Operative Limited- Pharmacy,42893,29940.6,
Department of Health and Social Care,Lincolnshire Community Health Services NHS Trust,18/06/2024,Drugs,Medical Director,Lincolnshire Co-Operative Limited- Pharmacy,42894,41317.5,
Department of Health and Social Care,Lincolnshire Community Health Services NHS Trust,18/06/2024,Drugs,Medical Director,Lincolnshire Co-Operative Limited- Pharmacy,42897,263687.89,
Department of Health and Social Care,Lincolnshire Community Health Services NHS Trust,18/06/2024,Hart Service,Transitional Care,Age Uk Lincoln & South Lincolnshire,42835,147847.23,
Department of Health and Social Care,Lincolnshire Community Health Services NHS Trust,25/06/2024,Membership Fees Education,Board Secretary,Care Quality Commission,41928,80095,
Department of Health and Social Care,Lincolnshire Community Health Services NHS Trust,25/06/2024,It Services Contract,Centralised It Budgets,Arden And Gem Csu,38609,65117,
Department of Health and Social Care,Lincolnshire Community Health Services NHS Trust,25/06/2024,Computer Software/License,Centralised It Budgets,Datix Limited,42663,49566.52,
Department of Health and Social Care,Lincolnshire Community Health Services NHS Trust,25/06/2024,Computer Software/License,Estates General,Crayon Limited,41502,39581.82,
Department of Health and Social Care,Lincolnshire Community Health Services NHS Trust,25/06/2024,Supply Chain Control<1yr,Lchs Balance Sheet,Sccl - Nhs Supply Chain (Sales),42986,52385.49,
Department of Health and Social Care,Lincolnshire Community Health Services NHS Trust,25/06/2024,Drugs,Medical Director,Nhs Business Services Authority- Fp10,43155,58369.28,
Department of Health and Social Care,Lincolnshire Community Health Services NHS Trust,02/07/2024,Service & Fm Charge,Fen Lane,Nhs Property Services Ltd,43472,27551.4,
Department of Health and Social Care,Lincolnshire Community Health Services NHS Trust,02/07/2024,Property Lease,John Coupland Hospital,Nhs Property Services Ltd,43384,52391.05,
Department of Health and Social Care,Lincolnshire Community Health Services NHS Trust,02/07/2024,Service & Fm Charge,John Coupland Hospital,Nhs Property Services Ltd,43482,245683.45,
Department of Health and Social Care,Lincolnshire Community Health Services NHS Trust,02/07/2024,Supply Chain Control<1yr,Lchs Balance Sheet,Sccl - Nhs Supply Chain (Sales),43341,47598.07,
Department of Health and Social Care,Lincolnshire Community Health Services NHS Trust,02/07/2024,Laboratory External Tests,Lish,Hsl Pathology Llp,42665,55634.4,
Department of Health and Social Care,Lincolnshire Community Health Services NHS Trust,02/07/2024,Laboratory External Tests,Lish,Hsl Pathology Llp,42466,25682.2,
Department of Health and Social Care,Lincolnshire Community Health Services NHS Trust,02/07/2024,Laboratory External Tests,Lish,Hsl Pathology Llp,42606,62498.81,
Department of Health and Social Care,Lincolnshire Community Health Services NHS Trust,02/07/2024,Property Lease,Louth Hospital Estates Managem,Nhs Property Services Ltd,43383,38875.9,
Department of Health and Social Care,Lincolnshire Community Health Services NHS Trust,02/07/2024,Service & Fm Charge,Louth Hospital Estates Managem,Nhs Property Services Ltd,43480,26601.41,
Department of Health and Social Care,Lincolnshire Community Health Services NHS Trust,02/07/2024,Service & Fm Charge,Louth Hospital Estates Managem,Nhs Property Services Ltd,43360,33509.18,
Department of Health and Social Care,Lincolnshire Community Health Services NHS Trust,02/07/2024,Service & Fm Charge,Louth Hospital Estates Managem,Nhs Property Services Ltd,43481,285563.35,
Department of Health and Social Care,Lincolnshire Community Health Services NHS Trust,02/07/2024,Licence Fees - General,Ops Quality Governance,Healthcare Communications Uk Ltd,43214,42977.91,
Department of Health and Social Care,Lincolnshire Community Health Services NHS Trust,02/07/2024,Property Lease,Skegness Hospital,Nhs Property Services Ltd,43476,75006.18,
Department of Health and Social Care,Lincolnshire Community Health Services NHS Trust,02/07/2024,Service & Fm Charge,Skegness Hospital,Nhs Property Services Ltd,43487,388046.92,
Department of Health and Social Care,Lincolnshire Community Health Services NHS Trust,09/07/2024,Supply Chain Control<1yr,Lchs Balance Sheet,Sccl - Nhs Supply Chain (Sales),43780,51167.68,
Department of Health and Social Care,Lincolnshire Community Health Services NHS Trust,09/07/2024,Creditor Suspense,Lchs Balance Sheet,Sccl - Nhs Supply Chain (Sales),43778,37717.55,
Department of Health and Social Care,Lincolnshire Community Health Services NHS Trust,09/07/2024,Supply Chain Control<1yr,Lchs Balance Sheet,Sccl - Nhs Supply Chain (Sales),43776,45422.55,
Department of Health and Social Care,Lincolnshire Community Health Services NHS Trust,09/07/2024,Supply Chain Control<1yr,Lchs Balance Sheet,Sccl - Nhs Supply Chain (Sales),43908,51480.52,
Department of Health and Social Care,Lincolnshire Community Health Services NHS Trust,09/07/2024,Continence Products,Specialist Continence Team,Essity Uk Ltd,43577,161109.16,
Department of Health and Social Care,Lincolnshire Community Health Services NHS Trust,16/07/2024,It Services Contract,Centralised It Budgets,Arden And Gem Csu,43761,46839.75,
Department of Health and Social Care,Lincolnshire Community Health Services NHS Trust,16/07/2024,Appentice Levy - Trust,Lchs Balance Sheet,Hm Revenue & Customs,44077,32079,
Department of Health and Social Care,Lincolnshire Community Health Services NHS Trust,16/07/2024,National Insurance - Ees,Lchs Balance Sheet,Hm Revenue & Customs,44076,305633.04,
Department of Health and Social Care,Lincolnshire Community Health Services NHS Trust,16/07/2024,National Insurance - Ers,Lchs Balance Sheet,Hm Revenue & Customs,44076,664577.49,
Department of Health and Social Care,Lincolnshire Community Health Services NHS Trust,16/07/2024,Paye - Trust,Lchs Balance Sheet,Hm Revenue & Customs,44075,852229.3,
Department of Health and Social Care,Lincolnshire Community Health Services NHS Trust,16/07/2024,Student Loan - Trust,Lchs Balance Sheet,Hm Revenue & Customs,44075,25562,
Department of Health and Social Care,Lincolnshire Community Health Services NHS Trust,16/07/2024,Drugs,Medical Director,Lincolnshire Co-Operative Limited- Pharmacy,44259,40515,
Department of Health and Social Care,Lincolnshire Community Health Services NHS Trust,16/07/2024,Drugs,Medical Director,Lincolnshire Co-Operative Limited- Pharmacy,44284,251071.27,
Department of Health and Social Care,Lincolnshire Community Health Services NHS Trust,16/07/2024,Service & Fm Charge,Spalding Hospitals,Nhs Property Services Ltd,43370,575687.67,
Department of Health and Social Care,Lincolnshire Community Health Services NHS Trust,16/07/2024,Service & Fm Charge,Spalding Hospitals,Nhs Property Services Ltd,43371,576175.73,
Department of Health and Social Care,Lincolnshire Community Health Services NHS Trust,16/07/2024,Service & Fm Charge,Spalding Hospitals,Nhs Property Services Ltd,43372,574470.26,
Department of Health and Social Care,Lincolnshire Community Health Services NHS Trust,16/07/2024,Service & Fm Charge,Spalding Hospitals,Nhs Property Services Ltd,43373,1728527.19,
Department of Health and Social Care,Lincolnshire Community Health Services NHS Trust,16/07/2024,Service & Fm Charge,Spalding Hospitals,Nhs Property Services Ltd,43374,574470.26,
Department of Health and Social Care,Lincolnshire Community Health Services NHS Trust,16/07/2024,Service & Fm Charge,Spalding Hospitals,Nhs Property Services Ltd,43375,574470.26,
Department of Health and Social Care,Lincolnshire Community Health Services NHS Trust,16/07/2024,"Books, Journals & Subscription",Tariff Funding,United Lincolnshire Hospitals Nhs Trust,37705,32270,
Department of Health and Social Care,Lincolnshire Community Health Services NHS Trust,16/07/2024,"Books, Journals & Subscription",Tariff Funding,United Lincolnshire Hospitals Nhs Trust,40830,32270,
Department of Health and Social Care,Lincolnshire Community Health Services NHS Trust,16/07/2024,Hart Service,Transitional Care,Age Uk Lincoln & South Lincolnshire,44154,297953.76,
Department of Health and Social Care,Lincolnshire Community Health Services NHS Trust,16/07/2024,Hart Service,Transitional Care,Age Uk Lincoln & South Lincolnshire,43963,49162.41,
Department of Health and Social Care,Lincolnshire Community Health Services NHS Trust,16/07/2024,Patient Support Service,Urgent Community Response,Age Uk Lincoln & South Lincolnshire,44246,85181.83,
Department of Health and Social Care,Lincolnshire Community Health Services NHS Trust,17/07/2024,Lease Car Ins Ppayment < 1 Yr,Lchs Balance Sheet,H M Revenue And Customs Cis,44321,119411.12,
Department of Health and Social Care,Lincolnshire Community Health Services NHS Trust,23/07/2024,Computer Software/License,Centralised It Budgets,Netcall Technology Limited,44441,31566,
Department of Health and Social Care,Lincolnshire Community Health Services NHS Trust,23/07/2024,Subscription Fees,Post Covid Assessment Service,Living With Ltd,44499,30240,
Department of Health and Social Care,Lincolnshire Community Health Services NHS Trust,01/08/2024,Director Of People & Innovatio,Chief Executive,United Lincolnshire Hospitals Nhs Trust,43260,35831.28,
Department of Health and Social Care,Lincolnshire Community Health Services NHS Trust,01/08/2024,Supply Chain Control<1yr,Lchs Balance Sheet,Sccl - Nhs Supply Chain (Sales),44289,46551.15,
Department of Health and Social Care,Lincolnshire Community Health Services NHS Trust,01/08/2024,Supply Chain Control<1yr,Lchs Balance Sheet,Sccl - Nhs Supply Chain (Sales),44563,45611.4,
Department of Health and Social Care,Lincolnshire Community Health Services NHS Trust,01/08/2024,Supply Chain Control<1yr,Lchs Balance Sheet,Sccl - Nhs Supply Chain (Sales),44833,49004.19,
Department of Health and Social Care,Lincolnshire Community Health Services NHS Trust,01/08/2024,Ahp B8d,Medical Director,Qed Scientific Ltd,43786,104647.2,
Department of Health and Social Care,Lincolnshire Community Health Services NHS Trust,06/08/2024,It Services Contract,Centralised It Budgets,Arden And Gem Csu,45242,46839.75,
Department of Health and Social Care,Lincolnshire Community Health Services NHS Trust,06/08/2024,Creditor Suspense,Lchs Balance Sheet,Relate,45151,89100,
Department of Health and Social Care,Lincolnshire Community Health Services NHS Trust,06/08/2024,Supply Chain Control<1yr,Lchs Balance Sheet,Sccl - Nhs Supply Chain (Sales),45409,45119.76,
Department of Health and Social Care,Lincolnshire Community Health Services NHS Trust,06/08/2024,Hart Service,Transitional Care,Age Uk Lincoln & South Lincolnshire,45283,74488.44,
Department of Health and Social Care,Lincolnshire Community Health Services NHS Trust,06/08/2024,Hart Service,Transitional Care,Age Uk Lincoln & South Lincolnshire,45284,49162.41,
Department of Health and Social Care,Lincolnshire Community Health Services NHS Trust,08/08/2024,Continence Products,Specialist Continence Team,Essity Uk Ltd,45225,184272.91,
Department of Health and Social Care,Lincolnshire Community Health Services NHS Trust,13/08/2024,Recruitment Agency Fees,International Recruit Pilot,United Lincolnshire Hospitals Nhs Trust,43266,439308,
Department of Health and Social Care,Lincolnshire Community Health Services NHS Trust,13/08/2024,Appentice Levy - Trust,Lchs Balance Sheet,Hm Revenue & Customs,45667,31716,
Department of Health and Social Care,Lincolnshire Community Health Services NHS Trust,13/08/2024,National Insurance - Ees,Lchs Balance Sheet,Hm Revenue & Customs,45666,301880.51,
Department of Health and Social Care,Lincolnshire Community Health Services NHS Trust,13/08/2024,National Insurance - Ers,Lchs Balance Sheet,Hm Revenue & Customs,45666,654662.59,
Department of Health and Social Care,Lincolnshire Community Health Services NHS Trust,13/08/2024,Paye - Trust,Lchs Balance Sheet,Hm Revenue & Customs,45665,824285.05,
Department of Health and Social Care,Lincolnshire Community Health Services NHS Trust,13/08/2024,Sal Sac Home Electronics,Lchs Balance Sheet,Sme Hci Ltd T/A Vivup,44796,35316.6,
Department of Health and Social Care,Lincolnshire Community Health Services NHS Trust,13/08/2024,Laboratory Test Kits,Lish,Hsl Pathology Llp,45421,65240.5,
Department of Health and Social Care,Lincolnshire Community Health Services NHS Trust,13/08/2024,Service & Fm Charge,Spalding Hospitals,Nhs Property Services Ltd,44291,598214.98,
Department of Health and Social Care,Lincolnshire Community Health Services NHS Trust,13/08/2024,Service & Fm Charge,Spalding Hospitals,Nhs Property Services Ltd,44292,570360.59,
Department of Health and Social Care,Lincolnshire Community Health Services NHS Trust,20/08/2024,Computer Hardware - Auc Pur,Lchs Balance Sheet,Dell Corporation Limited,44836,144780,
Department of Health and Social Care,Lincolnshire Community Health Services NHS Trust,20/08/2024,Supply Chain Control<1yr,Lchs Balance Sheet,Sccl - Nhs Supply Chain (Sales),45757,51104.07,
Department of Health and Social Care,Lincolnshire Community Health Services NHS Trust,20/08/2024,Supply Chain Control<1yr,Lchs Balance Sheet,Sccl - Nhs Supply Chain (Sales),46125,52322.78,
Department of Health and Social Care,Lincolnshire Community Health Services NHS Trust,20/08/2024,Drugs,Medical Director,Lincolnshire Co-Operative Limited- Pharmacy,45966,30163.47,
Department of Health and Social Care,Lincolnshire Community Health Services NHS Trust,20/08/2024,Drugs,Medical Director,Lincolnshire Co-Operative Limited- Pharmacy,45968,43492.5,
Department of Health and Social Care,Lincolnshire Community Health Services NHS Trust,20/08/2024,Drugs,Medical Director,Lincolnshire Co-Operative Limited- Pharmacy,45967,221405.25,
Department of Health and Social Care,Lincolnshire Community Health Services NHS Trust,27/08/2024,It Services Contract,Centralised It Budgets,Arden And Gem Csu,46081,46839.75,
Department of Health and Social Care,Lincolnshire Community Health Services NHS Trust,27/08/2024,Drugs,Medical Director,Nhs Business Services Authority- Fp10,44747,61194.18,
Department of Health and Social Care,Lincolnshire Community Health Services NHS Trust,27/08/2024,Drugs,Medical Director,Nhs Business Services Authority- Fp10,46325,61469.09,
Department of Health and Social Care,Lincolnshire Community Health Services NHS Trust,01/09/2024,Property Lease,Unit 7 The Point (Inter Care),Cbre Ltd,38534,31047.12,
Department of Health and Social Care,Lincolnshire Community Health Services NHS Trust,03/09/2024,Equipment Other - Auc Pur,Lchs Balance Sheet,De Smit Medical Systems Ltd,46582,139462.8,
Department of Health and Social Care,Lincolnshire Community Health Services NHS Trust,03/09/2024,Supply Chain Control<1yr,Lchs Balance Sheet,Sccl - Nhs Supply Chain (Sales),46529,64424.82,
Department of Health and Social Care,Lincolnshire Community Health Services NHS Trust,03/09/2024,Laboratory External Tests,Lish,Hsl Pathology Llp,45422,28124.4,
Department of Health and Social Care,Lincolnshire Community Health Services NHS Trust,03/09/2024,Laboratory External Tests,Lish,Hsl Pathology Llp,45227,64236.85,
Department of Health and Social Care,Lincolnshire Community Health Services NHS Trust,03/09/2024,Laboratory External Tests,Lish,Hsl Pathology Llp,45226,29677.6,
Department of Health and Social Care,Lincolnshire Community Health Services NHS Trust,03/09/2024,Continence Products,Specialist Continence Team,Essity Uk Ltd,46680,225223.92,
Department of Health and Social Care,Lincolnshire Community Health Services NHS Trust,10/09/2024,Eat Equipment Purchase,Eats,Simple Mdm,46091,159611.2,
Department of Health and Social Care,Lincolnshire Community Health Services NHS Trust,10/09/2024,Supply Chain Control<1yr,Lchs Balance Sheet,Sccl - Nhs Supply Chain (Sales),46702,30891.73,
Department of Health and Social Care,Lincolnshire Community Health Services NHS Trust,10/09/2024,Supply Chain Control<1yr,Lchs Balance Sheet,Sccl - Nhs Supply Chain (Sales),46703,72077.02,
Department of Health and Social Care,Lincolnshire Community Health Services NHS Trust,10/09/2024,Supply Chain Control<1yr,Lchs Balance Sheet,Sccl - Nhs Supply Chain (Sales),47012,42653.82,
Department of Health and Social Care,Lincolnshire Community Health Services NHS Trust,17/09/2024,Computer Software/License,Centralised It Budgets,E18 Consulting Ltd,46726,49188,
Department of Health and Social Care,Lincolnshire Community Health Services NHS Trust,17/09/2024,Computer Hardware - Auc Pur,Lchs Balance Sheet,Dell Corporation Limited,46718,516300,
Department of Health and Social Care,Lincolnshire Community Health Services NHS Trust,17/09/2024,Computer Hardware - Auc Pur,Lchs Balance Sheet,Dell Corporation Limited,47325,56100,
Department of Health and Social Care,Lincolnshire Community Health Services NHS Trust,17/09/2024,Appentice Levy - Trust,Lchs Balance Sheet,Hm Revenue & Customs,47200,31782,
Department of Health and Social Care,Lincolnshire Community Health Services NHS Trust,17/09/2024,National Insurance - Ees,Lchs Balance Sheet,Hm Revenue & Customs,47199,300831.01,
Department of Health and Social Care,Lincolnshire Community Health Services NHS Trust,17/09/2024,National Insurance - Ers,Lchs Balance Sheet,Hm Revenue & Customs,47199,656707.37,
Department of Health and Social Care,Lincolnshire Community Health Services NHS Trust,17/09/2024,Paye - Trust,Lchs Balance Sheet,Hm Revenue & Customs,47197,840674.84,
Department of Health and Social Care,Lincolnshire Community Health Services NHS Trust,17/09/2024,Clinical Records System,Lish,Inform Health Limited,47293,35700,
Department of Health and Social Care,Lincolnshire Community Health Services NHS Trust,17/09/2024,Drugs,Medical Director,Lincolnshire Co-Operative Limited- Pharmacy,47308,40485,
Department of Health and Social Care,Lincolnshire Community Health Services NHS Trust,17/09/2024,Drugs,Medical Director,Lincolnshire Co-Operative Limited- Pharmacy,47309,191782.3,
Department of Health and Social Care,Lincolnshire Community Health Services NHS Trust,24/09/2024,Property Lease,Beech House Lincoln,Stenigot Uk Ltd,46715,71643,
Department of Health and Social Care,Lincolnshire Community Health Services NHS Trust,24/09/2024,Supply Chain Control<1yr,Lchs Balance Sheet,Sccl - Nhs Supply Chain (Sales),47323,44140.32,
Department of Health and Social Care,Lincolnshire Community Health Services NHS Trust,24/09/2024,Supply Chain Control<1yr,Lchs Balance Sheet,Sccl - Nhs Supply Chain (Sales),47710,48434.16,
Department of Health and Social Care,Lincolnshire Community Health Services NHS Trust,24/09/2024,Laboratory External Tests,Lish,Hsl Pathology Llp,46767,55067.23,
Department of Health and Social Care,Lincolnshire Community Health Services NHS Trust,24/09/2024,Laboratory External Tests,Lish,Hsl Pathology Llp,46875,30566.9,
Department of Health and Social Care,Lincolnshire Community Health Services NHS Trust,24/09/2024,Clinical Records System,Lish,Inform Health Limited,47564,120000,
Department of Health and Social Care,Lincolnshire Community Health Services NHS Trust,24/09/2024,Clinical Records System,Lish,Inform Health Limited,47565,55061.35,
Department of Health and Social Care,Lincolnshire Community Health Services NHS Trust,24/09/2024,Property Lease,Skegness Hospital,Nhs Property Services Ltd,45086,44746.16,
Department of Health and Social Care,Lincolnshire Community Health Services NHS Trust,01/10/2024,Nhs Subcontracted Services,Covid Vaccination,Nhs Lincolnshire Icb,47843,168251.2,
Department of Health and Social Care,Lincolnshire Community Health Services NHS Trust,01/10/2024,Hart Service,Transitional Care,Age Uk Lincoln & South Lincolnshire,48044,74488.44,
Department of Health and Social Care,Lincolnshire Community Health Services NHS Trust,01/10/2024,Hart Service,Transitional Care,Age Uk Lincoln & South Lincolnshire,48048,49162.41,
Department of Health and Social Care,Lincolnshire Community Health Services NHS Trust,08/10/2024,It Services Contract,Centralised It Budgets,Arden And Gem Csu,48332,50787.75,
Department of Health and Social Care,Lincolnshire Community Health Services NHS Trust,08/10/2024,Estate Shared Service Contract,Facilities Management,Lincolnshire Partnership Nhs Trust,46721,151682.54,
Department of Health and Social Care,Lincolnshire Community Health Services NHS Trust,08/10/2024,Service & Fm Charge,Fen Lane,Nhs Property Services Ltd,47841,27551.4,
Department of Health and Social Care,Lincolnshire Community Health Services NHS Trust,08/10/2024,Property Lease,John Coupland Hospital,Nhs Property Services Ltd,47862,52391.05,
Department of Health and Social Care,Lincolnshire Community Health Services NHS Trust,08/10/2024,Service & Fm Charge,John Coupland Hospital,Nhs Property Services Ltd,47848,245683.45,
Department of Health and Social Care,Lincolnshire Community Health Services NHS Trust,08/10/2024,Supply Chain Control<1yr,Lchs Balance Sheet,Sccl - Nhs Supply Chain (Sales),48049,37721.8,
Department of Health and Social Care,Lincolnshire Community Health Services NHS Trust,08/10/2024,Property Lease,Louth Hospital Estates Managem,Nhs Property Services Ltd,47859,38875.9,
Department of Health and Social Care,Lincolnshire Community Health Services NHS Trust,08/10/2024,Service & Fm Charge,Louth Hospital Estates Managem,Nhs Property Services Ltd,47844,33509.18,
Department of Health and Social Care,Lincolnshire Community Health Services NHS Trust,08/10/2024,Service & Fm Charge,Louth Hospital Estates Managem,Nhs Property Services Ltd,47846,285563.35,
Department of Health and Social Care,Lincolnshire Community Health Services NHS Trust,08/10/2024,Property Lease,Skegness Hospital,Nhs Property Services Ltd,47858,75006.18,
Department of Health and Social Care,Lincolnshire Community Health Services NHS Trust,08/10/2024,Service & Fm Charge,Skegness Hospital,Nhs Property Services Ltd,47880,388046.92,
Department of Health and Social Care,Lincolnshire Community Health Services NHS Trust,08/10/2024,Hart Service,Transitional Care,Age Uk Lincoln & South Lincolnshire,48278,74488.44,
Department of Health and Social Care,Lincolnshire Community Health Services NHS Trust,08/10/2024,Hart Service,Transitional Care,Age Uk Lincoln & South Lincolnshire,48281,49162.41,
Department of Health and Social Care,Lincolnshire Community Health Services NHS Trust,15/10/2024,Computer Software/License,Centralised It Budgets,Insight Direct (Uk) Ltd,48356,142955.87,
Department of Health and Social Care,Lincolnshire Community Health Services NHS Trust,15/10/2024,Computer Software/License,Centralised It Budgets,Insight Direct (Uk) Ltd,48685,40254.48,
Department of Health and Social Care,Lincolnshire Community Health Services NHS Trust,15/10/2024,Service & Fm Charge,John Coupland Hospital,Nhs Property Services Ltd,45085,53909.44,
Department of Health and Social Care,Lincolnshire Community Health Services NHS Trust,15/10/2024,Appentice Levy - Trust,Lchs Balance Sheet,Hm Revenue & Customs,48677,32056,
Department of Health and Social Care,Lincolnshire Community Health Services NHS Trust,15/10/2024,National Insurance - Ees,Lchs Balance Sheet,Hm Revenue & Customs,48678,305123.74,
Department of Health and Social Care,Lincolnshire Community Health Services NHS Trust,15/10/2024,National Insurance - Ers,Lchs Balance Sheet,Hm Revenue & Customs,48678,663145.13,
Department of Health and Social Care,Lincolnshire Community Health Services NHS Trust,15/10/2024,Paye - Trust,Lchs Balance Sheet,Hm Revenue & Customs,48679,835080.68,
Department of Health and Social Care,Lincolnshire Community Health Services NHS Trust,15/10/2024,Prudential Avc,Lchs Balance Sheet,Hm Revenue & Customs,48679,26165,
Department of Health and Social Care,Lincolnshire Community Health Services NHS Trust,15/10/2024,Sal Sac Home Electronics,Lchs Balance Sheet,Sme Hci Ltd T/A Vivup,48641,33607.68,
Department of Health and Social Care,Lincolnshire Community Health Services NHS Trust,15/10/2024,Service & Fm Charge,Louth Hospital Estates Managem,Nhs Property Services Ltd,45082,43772.22,
Department of Health and Social Care,Lincolnshire Community Health Services NHS Trust,15/10/2024,Service & Fm Charge,Louth Hospital Estates Managem,Nhs Property Services Ltd,45081,74424.89,
Department of Health and Social Care,Lincolnshire Community Health Services NHS Trust,15/10/2024,Drugs,Medical Director,Lincolnshire Co-Operative Limited- Pharmacy,48750,223927.58,
Department of Health and Social Care,Lincolnshire Community Health Services NHS Trust,15/10/2024,Drugs,Medical Director,Lincolnshire Co-Operative Limited- Pharmacy,48748,29673.67,
Department of Health and Social Care,Lincolnshire Community Health Services NHS Trust,15/10/2024,Drugs,Medical Director,Lincolnshire Co-Operative Limited- Pharmacy,48749,41445,
Department of Health and Social Care,Lincolnshire Community Health Services NHS Trust,16/10/2024,Continence Products,Specialist Continence Team,Essity Uk Ltd,48153,90696.43,
Department of Health and Social Care,Lincolnshire Community Health Services NHS Trust,16/10/2024,Continence Products,Specialist Continence Team,Essity Uk Ltd,48151,60638.29,
Department of Health and Social Care,Lincolnshire Community Health Services NHS Trust,22/10/2024,Lease Car Ins Ppayment < 1 Yr,Lchs Balance Sheet,Brian Johnston & Co (Insurance Brokers),49018,116574.88,
Department of Health and Social Care,Lincolnshire Community Health Services NHS Trust,22/10/2024,Supply Chain Control<1yr,Lchs Balance Sheet,Sccl - Nhs Supply Chain (Sales),48980,57629.07,
Department of Health and Social Care,Lincolnshire Community Health Services NHS Trust,22/10/2024,Service & Fm Charge,Louth Hospital Estates Managem,Nhs Property Services Ltd,47847,26601.41,
Department of Health and Social Care,Lincolnshire Community Health Services NHS Trust,22/10/2024,Rates,Spalding Hospitals,Nhs Property Services Ltd,47020,598214.98,
Department of Health and Social Care,Lincolnshire Community Health Services NHS Trust,22/10/2024,Service & Fm Charge,Spalding Hospitals,Nhs Property Services Ltd,48364,54163.02,
Department of Health and Social Care,Lincolnshire Community Health Services NHS Trust,29/10/2024,Supply Chain Control<1yr,Lchs Balance Sheet,Sccl - Nhs Supply Chain (Sales),49203,49009.5,
Department of Health and Social Care,Lincolnshire Community Health Services NHS Trust,29/10/2024,Laboratory External Tests,Lish,Hsl Pathology Llp,48295,57618.35,
Department of Health and Social Care,Lincolnshire Community Health Services NHS Trust,29/10/2024,Laboratory External Tests,Lish,Hsl Pathology Llp,48296,31733.3,
